Date,Open,High,Low,Close,Volume,SMA_20,SMA_50
51,52134.8125,52483.32421875,51711.8203125,-1.7264871635213441,-1.0340948621461876,-1.9085409604794208,-1.9423967573819685
52,51777.7265625,52945.05078125,50792.3125,-1.701443116408837,-0.5410789403764626,-1.8847217829394871,-1.9345991351434237
53,52273.53515625,52368.81640625,50671.7578125,-1.7235141900217488,-0.735498702830184,-1.8632075249969513,-1.9279891198172425
54,51854.64453125,52009.61328125,50926.29296875,-1.7499684119544818,-0.867514507963276,-1.8432750133212001,-1.919865614018355
55,51283.90625,51497.93359375,50561.77734375,-1.7783448433781042,-1.0314268439195364,-1.8242739673078616,-1.9135718088214055
56,50736.37109375,51684.1953125,50585.4453125,-1.7367895641729776,-1.2885097568659751,-1.8022095088150365,-1.9064553717407484
57,51565.21484375,51950.02734375,51306.171875,-1.7287604659201499,-1.2786769891079521,-1.779931339704618,-1.8990165294824644
58,51730.5390625,54938.17578125,50931.03125,-1.5906395487477816,-0.511450326045443,-1.7518515866312183,-1.8888541660903435
59,54519.36328125,57537.83984375,54484.19921875,-1.4637199461350836,0.13330930905045735,-1.720508097942101,-1.8791379362379346
60,57071.09765625,63913.1328125,56738.42578125,-1.1953474289181394,1.509885837965934,-1.678273998653433,-1.8634178414608609
61,62499.18359375,63585.64453125,60498.73046875,-1.2600413749917094,0.7804272029315537,-1.6437781896483605,-1.8494214785626812
62,61168.0625,63155.1015625,60802.52734375,-1.1985244812154492,-0.26016622409260837,-1.6077647619466113,-1.8339828476106925
63,62431.65234375,62458.69921875,61657.2890625,-1.2188667849561583,-0.9302301921310641,-1.5740429047204434,-1.8155619406233987
64,62031.578125,63230.2109375,61435.0234375,-1.1625360073568878,-0.8329828093220617,-1.5416143012096095,-1.7960379810668965
65,63137.00390625,68537.03125,62386.51953125,-0.9068593191935871,0.9931428157287685,-1.4959806255648953,-1.7705495745042017
66,68341.0546875,69170.625,59323.91015625,-1.1311484948287887,2.3142220437164815,-1.4665830878468462,-1.750099374538066
67,63776.05078125,67637.9296875,62848.671875,-1.0169736614932618,0.9141948892486614,-1.4317998795373685,-1.7280520715835344
68,66099.7421875,68029.921875,65655.53125,-0.9764321993296722,0.019536297745039618,-1.3955509529962096,-1.7048223098731488
69,66938.09375,70083.0546875,66230.453125,-0.9083607975138329,0.5216697243958216,-1.3547066967583208,-1.678849871534038
70,68299.2578125,68673.0546875,68053.125,-0.8985166553188684,-1.0239206602205797,-1.3145026133845765,-1.6530287822421985
71,68500.2578125,70005.203125,68239.9765625,-0.8727210952877635,-0.44527540258358916,-1.2721766429845536,-1.626752636439668
72,69020.546875,72850.7109375,67194.8828125,-0.7190035285399263,0.7894740261735881,-1.2234716048445582,-1.5973796305964645
73,72125.125,72825.65625,68728.8515625,-0.7508262802100705,0.6594639101821166,-1.1752500120558815,-1.5666658339186013
74,71482.1171875,73637.4765625,71334.09375,-0.6714839255718337,0.0698178875814134,-1.1217834898480354,-1.5347378265166687
75,73079.375,73750.0703125,68563.0234375,-0.7550204380224348,0.5377749020576669,-1.0710515620960706,-1.5046526415120944
76,71387.875,72357.1328125,65630.6953125,-0.8537059807708638,1.3076606083867859,-1.0272721581087971,-1.476344118339577
77,69392.484375,70046.2734375,64801.39453125,-1.0561784558917267,0.013478433529800445,-0.9939284972311165,-1.4537719623297087
78,65316.34375,68845.71875,64545.31640625,-0.9038776409111507,-0.07390154970447546,-0.9598818593235018,-1.4285367422542978
79,68371.3046875,68897.1328125,66594.2265625,-0.9455754851152494,0.11294772942326047,-0.9341945335605607,-1.4040292358650046
80,67556.1328125,68106.9296875,61536.1796875,-1.2246643637678163,1.1389056397266122,-0.9356479383781523,-1.3861387203288265
81,61930.15625,68115.2578125,60807.78515625,-0.9274966183527932,0.8337112631393274,-0.9191618304735563,-1.3621613990141126
82,67911.5859375,68199.9921875,64580.91796875,-1.047449299658872,-0.08362546474862767,-0.9116721867635735,-1.3401554726789995
83,65489.9296875,66623.75,62355.37109375,-1.1322596119985249,-0.21022362471788264,-0.9073785836614752,-1.3202684104918718
84,63802.72265625,65976.3984375,63038.4921875,-1.1182234398270015,-0.8952635005122759,-0.9051817612631573,-1.300214824953589
85,64070.75390625,67622.7578125,63825.8515625,-0.9611458269025768,-0.7938090485603054,-0.9078730477922246,-1.276928302191064
86,67234.09375,71162.59375,66414.8359375,-0.8262201453516749,-0.1568162230597085,-0.8927560400142044,-1.2506319577540606
87,69931.328125,71535.7421875,69335.609375,-0.8247828889848329,-0.4318534866470903,-0.883228065957822,-1.224379860446484
88,69991.8984375,71727.6875,68381.9296875,-0.8511521909249624,-0.23382294063695672,-0.8770172335943114,-1.1990484839142646
89,69452.7734375,71546.0234375,68895.5078125,-0.7872900352117451,-0.4990961742988004,-0.8710150771580542,-1.1736632581152204
90,70744.796875,70913.09375,69076.65625,-0.8294877273905301,-0.8750402920849373,-0.8675929262095102,-1.1500411633520393
91,69893.4453125,70355.4921875,69601.0625,-0.8417452222682297,-1.2080849513481133,-0.8660572785264715,-1.1284297313949043
92,69647.78125,71377.78125,69624.8671875,-0.7581375240379518,-1.0880046881498093,-0.8679973700769723,-1.1057959776173412
93,71333.484375,71342.09375,68110.6953125,-0.8389302889371012,-0.4785958695664874,-0.872365179719746,-1.0852314675637864
94,69705.0234375,69708.3828125,64586.59375,-1.0496489015629582,0.1723017367424263,-0.891112937654472,-1.0703531451561055
95,65446.671875,66914.3203125,64559.8984375,-1.0232128629543817,-0.49444550440314466,-0.9044087397032299,-1.0547547449941568
96,65975.6953125,69291.2578125,65113.796875,-0.8980233842912173,-0.49643913745463303,-0.906605801848706,-1.0387300572107068
97,68515.7578125,68725.7578125,66011.4765625,-0.9312617270909105,-0.5248608125853325,-0.9004129792917851,-1.023457570627506
98,67840.5703125,69629.6015625,67491.71875,-0.8788457804946208,-1.0914235068422875,-0.8991720096369005,-1.0073812436823217
99,68897.109375,70284.4296875,68851.6328125,-0.8557471556272456,-1.0405601280907988,-0.8947187157470894,-0.9903792429249041
100,69362.5546875,72715.359375,69064.2421875,-0.743394716939366,-0.3804206550537511,-0.8708594812518187,-0.9716392928213778
101,71632.5,71742.5078125,68212.921875,-0.866816931246209,-0.41473122133124085,-0.8678512489784629,-0.9549635921296761
102,69140.2421875,71093.4296875,67503.5625,-0.7950682422791361,-0.3369567023916731,-0.8553393050612231,-0.9373819247088269
103,70575.734375,71256.234375,69571.8125,-0.8211791088887003,-0.6726576637180259,-0.8399173005373226,-0.9198786203350388
104,70061.3828125,71222.7421875,65254.8359375,-0.9630426958034183,-0.09805841675656932,-0.832224121079178,-0.90461400232633
105,67188.375,67931.4296875,60919.10546875,-1.1301445432078048,0.2612918665041652,-0.8406023348898727,-0.8920403504908992
106,63836.23046875,65824.4296875,62205.8515625,-1.0352010898828694,0.10565996808976386,-0.850962691902768,-0.8784310861860899
107,65739.6484375,66878.6484375,62332.0703125,-1.149718117903853,-0.1199876228883965,-0.8670715528576268,-0.8671989456270465
108,63419.296875,64355.66796875,61716.40234375,-1.130620404669774,-0.15075655942864533,-0.8809263589723553,-0.858275591914082
109,63831.84765625,64486.36328125,59768.5859375,-1.2561634909558976,-0.18908592255566314,-0.9041710447798428,-0.8542494558525376
110,61275.31640625,64125.6875,60833.48046875,-1.1454324631518498,-0.43202328687862923,-0.9198341965862203,-0.8532812159415757
111,63510.75,65481.59765625,59651.390625,-1.1290502552848942,0.14003520981305087,-0.9340775177671622,-0.8507402780057334
112,63851.1015625,65442.45703125,63172.40234375,-1.0720584945085716,-0.9627505080235937,-0.9496403401824132,-0.8482871176393179
113,64992.81640625,65723.2421875,64277.72265625,-1.0754158325304974,-1.069269109906947,-0.9613642543675677,-0.8455044865131259
114,64935.6328125,67233.9609375,64548.1796875,-0.9807803350785111,-0.7495685889928221,-0.9579500534348183,-0.8419788285618067
115,66839.890625,67199.2421875,65864.8671875,-1.0020942860238833,-0.9128596480927854,-0.9569030871810527,-0.843826176233766
116,66408.71875,67075.3671875,63589.87109375,-1.1075916115047446,-0.667589509411145,-0.9672925590889462,-0.84336922481124
117,64275.01953125,65275.20703125,62783.6328125,-1.0974493788573838,-0.5903317739225976,-0.9755314126710172,-0.844930275694859
118,64485.37109375,64789.65625,63322.3984375,-1.1334204431502637,-0.9199148379220418,-0.9881521058996104,-0.8479755003260994
119,63750.98828125,63898.36328125,62424.71875,-1.1500682436136758,-1.1093902329021423,-1.0027432522589297,-0.8526640900606183
120,63423.515625,64321.484375,62793.59765625,-1.1652170804718849,-1.199673694380517,-1.023655351646862,-0.8578374882977899
121,63106.36328125,64174.87890625,61795.45703125,-1.1291715419258108,-0.8172733042753525,-1.0366617405150786,-0.8628120596273934
122,63839.41796875,64703.33203125,59120.06640625,-1.2878485136175368,-0.35659917260124385,-1.0610916211983645,-0.8738463939046487
123,60609.49609375,60780.5,56555.29296875,-1.4058482285333551,0.0791606633140247,-1.090076947240998,-0.8865523706229846
124,58253.703125,59602.296875,56937.203125,-1.3627939857230256,-0.5674715522964638,-1.1098948597747142,-0.899962256432028
125,59122.30078125,63320.50390625,58848.3125,-1.1762796988249569,-0.5485507161218813,-1.1121820380823417,-0.9081337541564045
126,62891.03125,64494.95703125,62599.3515625,-1.1266781052409396,-1.0645890278448895,-1.1167170665736226,-0.9134288094856952
127,63892.453125,64610.890625,62955.3046875,-1.119762058554035,-1.160149745476353,-1.1152319767714887,-0.9146621907138559
128,64038.3125,65494.90234375,62746.23828125,-1.162804501547625,-0.7324965239948183,-1.1168275228847486,-0.9196847989965553
129,63162.76171875,64390.45703125,62285.98046875,-1.2037645670460524,-0.8462657875142725,-1.1142298144668095,-0.9246930960045244
130,62332.640625,62986.0859375,60877.12890625,-1.260558439092459,-0.8397928225268793,-1.1199372545153672,-0.9253893616587802
131,61191.19921875,63404.9140625,60648.07421875,-1.168350221975753,-0.8658930911074473,-1.1218855741883669,-0.9300613887381692
132,63055.19140625,63446.7421875,60208.78125,-1.2801271777980399,-0.7692098365682674,-1.132200705297176,-0.9345748248300065
133,60793.35546875,61451.15234375,60492.625,-1.2800809457291737,-1.343264956703968,-1.1423471023554328,-0.9374422316850942
134,60793.50390625,61818.15625,60632.6015625,-1.2476606590769064,-1.3449840598391896,-1.155577856204992,-0.9399530273897042
135,61451.21875,63422.66015625,60769.83984375,-1.1757046028386016,-0.7657469885341931,-1.1641846929065742,-0.9441149929829737
136,62900.7734375,63092.125,61123.765625,-1.2424909852675052,-0.7535325558944573,-1.1708724111391315,-0.9521897263778343
137,61553.98828125,66454.453125,61330.41015625,-1.0090163293389671,-0.2754276215215803,-1.1664882890996546,-0.9557634475483548
138,66256.109375,66712.4296875,64613.0546875,-1.0603151621373412,-0.6142889899776234,-1.1628640504757886,-0.9598207464669108
139,65231.296875,67459.4609375,65119.31640625,-0.9701732670274463,-0.759904832903705,-1.1539456479561672,-0.9633682765787985
140,67066.2109375,67387.328125,66663.5,-0.9756735291451831,-1.2252689459964985,-1.1445489114946588,-0.9662039577317746
141,66937.9296875,67694.296875,65937.1796875,-1.0084777934405433,-1.1209714412585061,-1.1385654457469223,-0.969438200756648
142,66278.7421875,71483.5625,66086.171875,-0.7524651006595839,-0.10951444214645507,-1.1120234884911064,-0.9693281682919853
143,71443.0625,71946.4609375,69191.125,-0.8174194164599061,0.017170741678466914,-1.0828517734171272,-0.9689109049535799
144,70135.3203125,70623.6953125,68977.6953125,-0.867642918418001,-0.5637405752703402,-1.0583043590865797,-0.965380391525202
145,69121.3046875,70041.2734375,66356.953125,-0.9267097059839757,-0.1898903527421307,-1.045931775397963,-0.9635084437700913
146,67928.1328125,69220.296875,66622.671875,-0.8971687680558597,-0.7119652722458388,-1.0345537108745941,-0.9634918661057591
147,68526.921875,69579.3203125,68515.8203125,-0.8605313042766043,-1.276217064048188,-1.021702189081249,-0.962119852377277
148,69264.2890625,69506.2265625,68183.890625,-0.8975653192741673,-1.2698295841192981,-1.0085527958275913,-0.9624829700171053
149,68512.1796875,70597.8828125,68232.5,-0.8541624982709644,-0.848721920632143,-0.9912210613334146,-0.9624522311700682
150,69392.1953125,69514.640625,67227.15625,-0.9085526896155701,-0.5670418169992062,-0.9737701629112951,-0.9656559304675392
151,68296.3515625,68852.4609375,67101.4921875,-0.9441146291149276,-0.8143476313037553,-0.9626535474598341,-0.9671553348035541
152,67576.0859375,69500.5390625,67118.078125,-0.9051469916889726,-0.6991212256661672,-0.9440636774141842,-0.9692906190192438
153,68362.515625,68999.5625,66633.421875,-0.9484070542535848,-0.786381762257986,-0.9276207431779927,-0.9717585596979736
154,67489.609375,67839.765625,67386.1953125,-0.9377342167321665,-1.4337466806933092,-0.9122559519161331,-0.9712676311929381
155,67710.2734375,68409.1640625,67315.5234375,-0.9355224281321031,-1.208892974774789,-0.9003487750025866,-0.9674923927152732
156,67753.8984375,70230.8203125,67589.8359375,-0.8833683987795152,-0.5802384638931462,-0.8825450550712953,-0.9645471744013221
157,68804.5703125,71047.40625,68564.640625,-0.7960644563153725,-0.549468637450562,-0.8719878368711452,-0.9576870757405064
158,70568.3515625,71735.4140625,70390.7109375,-0.7705586688330602,-0.5634030458601724,-0.8576229830603278,-0.9507026746156042
159,71082.84375,71625.734375,70119.125,-0.7866853429637306,-0.8753568562265782,-0.8485264579914051,-0.941595837152485
160,70759.1875,71907.8515625,68507.2578125,-0.8567360189579718,-0.4245375920246252,-0.8426300588219557,-0.9359957648068425
161,69324.1796875,69533.3203125,69210.7421875,-0.858558993924475,-1.326000855797852,-0.83519774345265,-0.930748832733564
162,69297.4921875,69817.5234375,69160.84375,-0.8416121358105731,-1.355937974579854,-0.8396172617626919,-0.926278683182183
163,69644.3125,70146.0703125,69232.421875,-0.8483326150429855,-1.0655255303507771,-0.8411498023225484,-0.9218737711301417
164,69508.078125,69549.4140625,66123.6015625,-0.9562997775752383,-0.3863942996849097,-0.8455450198605474,-0.9213989024719464
165,67321.375,69977.890625,66902.453125,-0.911277866963628,-0.49403756252422865,-0.8447799770860732,-0.9196372648517476
166,68243.1015625,68365.78125,66304.5625,-0.9848054266641434,-0.7219190223599679,-0.8491246175633945,-0.9172554845008579
167,66747.5703125,67294.6484375,65056.89453125,-1.0217133190303227,-0.7856992361518312,-0.8571153136560574,-0.9157863724881009
168,66006.7421875,66402.1875,65871.7734375,-1.0128042639520893,-1.3317945860226552,-0.8628283541982503,-0.9134466854460566
169,66189.359375,66894.84375,66018.25,-0.9906167396887283,-1.3663350910173284,-0.8695931559373911,-0.9103536790181653
170,66636.515625,67188.3203125,65094.96484375,-0.9979829203683167,-0.6787025227784296,-0.8740267138410679,-0.9071097062776703
171,66490.9765625,66556.703125,64066.95703125,-1.064813407030281,-0.2891546527975249,-0.88001042892585,-0.9058613008376525
172,65146.66015625,65695.3515625,64693.30078125,-1.0737493502155118,-1.044733433529228,-0.8883689930593875,-0.9017082507107601
173,64960.296875,66438.9609375,64547.84765625,-1.0802682653652524,-0.8581731641737664,-0.8949060925367308,-0.8953927196929676
174,64837.98828125,65007.546875,63378.89453125,-1.1165399348255713,-0.8356814894841692,-0.9037704944062441,-0.8906159358836486
175,64113.86328125,64475.46875,63929.7578125,-1.108795966570688,-1.5070643058576756,-0.9123606351156689,-0.8893069007695066
176,64248.96484375,64491.703125,63180.796875,-1.1618711553874617,-1.4531121314390913,-0.9261675781075609,-0.8899895680861569
177,63173.3515625,63292.52734375,58601.69921875,-1.3056482470102282,-0.13823314936788958,-0.951430503449519,-0.8935953489135481
178,60266.28125,62258.26171875,60239.75,-1.2300191592923009,-0.7118046302584535,-0.974208535796709,-0.8948991645774669
179,61789.67578125,62434.13671875,60695.1875,-1.2792110477639398,-0.9870684381067234,-0.9986257961895411,-0.8963626593961308
180,60811.2265625,62293.86328125,60585.33203125,-1.2399153367446922,-1.039457682131301,-1.0176221431585621,-0.8959622288785025
181,61612.8046875,62126.09765625,59985.40234375,-1.303532597900652,-0.8864692317585737,-1.0396819793261602,-0.8985844679128245
182,60319.875,61097.62109375,60300.96484375,-1.275442457112686,-1.392164137100584,-1.0611893804999466,-0.898493594695351
183,60888.4453125,62892.828125,60632.94921875,-1.1867554213749336,-1.1997395411507557,-1.0779668962814473,-0.8966832859832428
184,62673.60546875,63777.2265625,62495.51171875,-1.1781543221696495,-0.8652746918281589,-1.0889654698216698,-0.8953350168133607
185,62844.41015625,63203.359375,61752.74609375,-1.2189079875949385,-1.0838655581679117,-1.104216419542518,-0.8961730669004951
186,62034.33203125,62187.703125,59419.38671875,-1.310773236267713,-0.6889666300424985,-1.1203764713107807,-0.8974975915117774
187,60147.13671875,60399.67578125,56777.8046875,-1.4690517223449444,-0.22056399523478543,-1.1425535438391634,-0.9064212604179978
188,57022.80859375,57497.15234375,53717.375,-1.484666942123807,0.3660411561361561,-1.1659464221606144,-0.9146527461730847
189,56659.07421875,58472.546875,56038.9609375,-1.403395607608027,-1.0650066350211125,-1.1864101847712027,-0.9230563011797074
190,58239.4296875,58371.12109375,55793.32421875,-1.5249402969758972,-1.0673485057069656,-1.2125344161669438,-0.9337108613544883
191,55849.57421875,58131.3359375,54321.01953125,-1.482551293014231,-0.2774424794324177,-1.2332440251043273,-0.9429068384721749
192,56704.59765625,58239.1953125,56316.875,-1.4179701222383554,-0.7673779035197197,-1.2503089785497783,-0.955816163620379
193,58033.8828125,59359.43359375,57178.4140625,-1.4311787597211372,-0.8362123150143402,-1.2677055790353122,-0.9677217370841397
194,57729.890625,59299.43359375,57120.37890625,-1.4508672375506853,-0.7320905219344278,-1.2842800577427411,-0.9790349986312319
195,57341.1953125,58532.5546875,56590.17578125,-1.423405582083832,-0.8596657457427678,-1.299877020153443,-0.9886697998069375
196,57908.73828125,59787.078125,57796.44140625,-1.3574200396762912,-1.2101480313993482,-1.3095714746370828,-0.9975976562806985
197,59225.25,61329.52734375,59225.25,-1.280374006751484,-0.9986865870511258,-1.3083184888545862,-1.0057416759073146
198,60815.45703125,64870.15234375,60704.9296875,-1.078213356295944,-0.3461692441552003,-1.300792624143812,-1.0092458481850335
199,64784.41796875,65354.33984375,62487.96875,-1.066972386614443,-0.2013336543992869,-1.2902707638546815,-1.0133738892280022
200,65091.83203125,66066.734375,63896.0859375,-1.1154210800710875,-0.575149185126154,-1.284098885609576,-1.0173866783560852
201,64104.73828125,65104.66015625,63246.1640625,-1.1225880179434287,-0.7924656778141982,-1.2751284483665506,-1.0208486672697425
202,63972.32421875,67442.640625,63329.34375,-0.9870953648701561,-0.3910105651627907,-1.2608334664677723,-1.0224382844183144
203,66709.921875,67610.734375,66299.6171875,-0.9646381857783459,-1.129996407191775,-1.2498218698618695,-1.0227531324624048
204,67164.9140625,68372.90625,65842.296875,-0.9155695183438104,-0.8166040610870353,-1.236804069028881,-1.0223231863477558
205,68152.9765625,68480.0625,66611.296875,-0.9437602477334937,-0.1589142493228034,-1.2231634530260642,-1.0224829818238206
206,67584.8046875,67779.015625,65484.4609375,-1.0258444155269952,-0.44849495641726367,-1.2090379340092021,-1.0252467013546676
207,65927.859375,67113.984375,65146.99609375,-1.053355011217376,-0.7829422644471428,-1.1884295175527184,-1.0302375689260534
208,65375.875,66112.421875,63473.47265625,-1.0332945490010936,-0.3370734690898555,-1.1660524575341271,-1.0353340637611228
209,65771.8125,68207.6015625,65743.765625,-0.9275763154756921,-0.6588744552449566,-1.142463427677013,-1.0380670369403315
210,67911.8125,69398.5078125,66705.21875,-0.9324653083983789,-0.48606298517562035,-1.1130911209499839,-1.0395360176225652
211,67808.65625,68301.8515625,67085.828125,-0.9105509208766035,-1.1705513803317784,-1.0847338557450195,-1.0405445459857539
212,68259.0546875,69987.5390625,66532.59375,-0.9816600984642981,-0.2357318697869928,-1.0631035218179496,-1.0432611666386702
213,66819.0546875,66987.671875,65323.19140625,-1.0123082847697769,-0.6222068753466102,-1.0423377640959122,-1.0464419318744846
214,66201.2734375,66810.2109375,64532.046875,-1.0906381764438076,-0.6258127832496176,-1.024479190014626,-1.0490477996210112
215,64625.83984375,65593.2421875,62248.94140625,-1.0540796360289764,-0.22771999967185655,-1.006169632347359,-1.051817838026176
216,65353.5,65523.22265625,61184.89453125,-1.249311085903541,-0.1419850846732403,-1.00081006542661,-1.0569486626600175
217,61414.80859375,62148.37109375,59836.52734375,-1.2857073304782942,-0.6068905037434857,-1.0010744681835173,-1.0620695624586032
218,60676.09375,61062.98828125,57210.8046875,-1.4126342837965022,-0.6066484836102365,-1.0176535883959454,-1.069825380315454
219,58110.296875,58268.828125,49121.23828125,-1.6169322485989113,2.5686385106176184,-1.0449181819487392,-1.0819745156152958
220,53991.34765625,57059.91796875,53973.2734375,-1.515768744335106,0.11454723539939513,-1.0647656601021125,-1.092018415123163
221,56040.6328125,57726.8828125,54620.5078125,-1.5656287732496887,-0.20050252726610024,-1.086729674125174,-1.101733125293803
222,55030.02734375,62673.765625,54766.7265625,-1.2346990439871874,-0.04998958208940777,-1.0990047766189135,-1.1048551932903352
223,61728.20703125,61751.86328125,59587.859375,-1.2758022548034431,-0.5381272003585243,-1.1144309239737225,-1.1086481201133287
224,60881.23046875,61464.51171875,60287.56640625,-1.2725487938567521,-1.2650033269339878,-1.1321283879641144,-1.1116743468463084
225,60944.890625,61778.66015625,58348.82421875,-1.3827977701310328,-0.9766358082551431,-1.1538939392888994,-1.1169893756720317
226,58719.39453125,60680.33203125,57688.8984375,-1.3513506782003784,-0.3879359963801586,-1.170031109588301,-1.1206648592365522
227,59356.20703125,61572.3984375,58506.25390625,-1.289199882793682,-0.6654909496177842,-1.1817232620698221,-1.1203457973588167
228,60611.05078125,61687.7578125,58472.875,-1.3819170395471525,-0.6805385829263594,-1.1990064333794574,-1.1232922801980911
229,58733.26171875,59838.6484375,56161.59375,-1.4402112292760927,-0.44535208309762897,-1.224420619999015,-1.126415327545096
230,57560.2734375,59847.359375,57110.01953125,-1.3741504388568826,-0.7056489794056973,-1.2463174280984468,-1.1290191915630685
231,58893.53125,59694.66796875,58814.83203125,-1.3451874985094023,-1.3536497797029075,-1.2678647999185928,-1.12982720448339
232,59468.1328125,60262.71875,58445.40234375,-1.3944608250605082,-1.1829899129508759,-1.28832964618634,-1.1321358975219518
233,58480.7109375,59612.66015625,57864.7109375,-1.3444704178429308,-0.8470684580416986,-1.3047967852957105,-1.1351952195467856
234,59493.453125,61396.328125,58610.8828125,-1.368272969482707,-0.6126312096854765,-1.318560698467493,-1.138883100712699
235,59014.98828125,61834.3515625,58823.4453125,-1.2611898260078522,-0.5666763955542582,-1.3288283116893749,-1.1397032748394715
236,61168.31640625,61408.109375,59815.25390625,-1.3004733503311223,-0.7765782162696119,-1.3313647119637968,-1.1395034798383317
237,60380.953125,64947.0625,60372.05078125,-1.1166312383255914,-0.16379032290782558,-1.322982662198557,-1.132667302094247
238,64103.87109375,64513.7890625,63619.91796875,-1.1124399821075073,-1.0312826631724619,-1.308100347709493,-1.1254469225329047
239,64176.3671875,64996.421875,63833.51953125,-1.1047865435941693,-1.13829713393129,-1.2827104139125467,-1.1196545672920515
240,64342.2265625,64489.70703125,62849.55859375,-1.1767340884892519,-0.7742632674625949,-1.2659025653204807,-1.1129001371702267
241,62879.70703125,63210.796875,58116.75,-1.3439415539254413,-0.30467105290214075,-1.254912287031962,-1.1102114148727447
242,59507.92578125,60236.44921875,57890.67578125,-1.3675384792505536,-0.255923461047142,-1.2614978825646421,-1.1092331525667096
243,59027.46875,61184.08203125,58786.2265625,-1.3496836155665366,-0.5874865628818706,-1.2651605958125955,-1.1076523270585927
244,59388.6015625,59896.88671875,57768.53125,-1.3629899400567551,-0.5847004707523822,-1.2696442704624038,-1.1059477018946784
245,59117.48046875,59432.59375,58768.78515625,-1.370397129935505,-1.4024191930156746,-1.2690295012072341,-1.1049194551915016
246,58969.80078125,59062.0703125,57217.82421875,-1.4518292127744141,-0.9012872416085057,-1.2740107854705185,-1.1067507842919275
247,57326.96875,59403.0703125,57136.02734375,-1.3633363904138232,-0.8008055905982518,-1.2776861477785846,-1.1083600710005788
248,59106.19140625,59815.05859375,57425.16796875,-1.4466030545963562,-0.815996771135533,-1.2808929961883984,-1.1155060161736552
249,57430.34765625,58511.5703125,55673.1640625,-1.4198364276794444,-0.4475899799709851,-1.2798829030476975,-1.1223507979431615
250,57971.703125,58300.58203125,55712.453125,-1.5095206446515266,-0.6366053040775649,-1.2865939630636611,-1.1299954576451503
251,56160.19140625,56976.109375,52598.69921875,-1.6190469305103938,0.11706377230851275,-1.300170710423302,-1.1396256622525434
252,53949.0859375,54838.14453125,53740.0703125,-1.609591795388608,-1.1286846687015222,-1.3108359586933285,-1.1517007158803811
253,54147.93359375,55300.859375,53653.7578125,-1.5748343712633686,-1.1612958785895446,-1.322256391334648,-1.1635371719659162
254,54851.88671875,58041.125,54598.43359375,-1.4669801774684288,-0.489097546753199,-1.3271498610085088,-1.174233318888953
255,57020.09765625,58029.9765625,56419.4140625,-1.4358230515261856,-0.7259306189971612,-1.3358074090291772,-1.183778248711462
256,57650.2890625,57991.3203125,55567.33984375,-1.4509535116206194,-0.38915193508529694,-1.3432675542487076,-1.1920244247236476
257,57343.171875,58534.359375,57330.1015625,-1.4121373374160962,-0.5212642876941418,-1.3579174482518843,-1.19898400813196
258,58130.32421875,60648.0234375,57650.11328125,-1.2910948172983365,-0.5765693679084802,-1.3667743700100343,-1.2039847630155947
259,60569.1171875,60656.72265625,59517.8828125,-1.3191323425100199,-1.2369399220021147,-1.377400692931314,-1.2115800837161568
260,60000.7265625,60381.91796875,58696.30859375,-1.3598523494416574,-1.167352997663184,-1.386478891727398,-1.219870446820958
261,59185.2265625,59205.51171875,57501.33984375,-1.4088939353295769,-0.595387286806034,-1.3896989454107336,-1.2295371988368153
262,58192.5078125,61316.08984375,57628.0703125,-1.304106920128533,-0.34694859142987045,-1.3865542874139818,-1.2357919538407578
263,60309.0,61664.06640625,59218.25390625,-1.237692908965601,-0.22709719561241104,-1.3810022802435915,-1.2401639169406715
264,61651.15625,63872.44140625,61609.8671875,-1.1737729148063965,-0.15640043988519997,-1.3716217315102632,-1.241776546949214
265,62941.42578125,64119.53125,62364.60546875,-1.1612680106563966,-0.4661122863046198,-1.3612540286444135,-1.2438557642883863
266,63184.33984375,63543.359375,62783.10546875,-1.1512716314815257,-1.3199805869858279,-1.3463537043487601,-1.2419540157614046
267,63396.8046875,63993.421875,62440.7265625,-1.1386997972234603,-1.0825609514770813,-1.3352172090628687,-1.2391023948352093
268,63643.1015625,64733.55859375,62628.078125,-1.1544924011326587,-0.6213931022751303,-1.3207356463350173,-1.2340950133886026
269,63326.83984375,64695.21484375,62737.41796875,-1.1063501160320135,-0.6814990334873032,-1.3051943723944237,-1.2241908495574518
270,64302.58984375,64804.50390625,62945.375,-1.1637357198719824,-0.8813090388966659,-1.2880518751278434,-1.2173621876715968
271,63138.546875,65790.796875,62669.26953125,-1.0628190445616215,-0.39638515438894434,-1.2604765404872378,-1.2076087912811138
272,65180.6640625,66480.6953125,64852.9921875,-1.0326291167128114,-0.5943186912595078,-1.2318732659274099,-1.2036890817232946
273,65792.1796875,66255.53125,65458.03515625,-1.0278263978600588,-1.2856498954714357,-1.2047550140405117,-1.1988788986857686
274,65888.8984375,66069.34375,65450.015625,-1.0403225972272176,-1.304373959007116,-1.1836032058530555,-1.1943742242159807
275,65634.65625,65635.0546875,62873.6171875,-1.1545072959832976,-0.3865249942488592,-1.1696568067336768,-1.1899458940554968
276,63335.60546875,64110.98046875,60189.27734375,-1.2779368609956505,0.15238974712236852,-1.1610794013933416,-1.1885218284122074
277,60836.32421875,62357.6875,59996.94921875,-1.2880500777002084,-0.23647027822404224,-1.1549277002691436,-1.1884995247370627
278,60632.484375,61469.0390625,59878.8046875,-1.2817799259000986,-0.42790618038638156,-1.1544659088812323,-1.1865570862616837
279,60754.625,62465.9921875,60459.94140625,-1.2170033811093495,-0.6960064655720988,-1.1494028037075008,-1.1822273478011387
280,62067.609375,62371.0234375,61689.58203125,-1.215890522983045,-1.3653372571167521,-1.1422658088887356,-1.1791574555453352
281,62084.98828125,62959.5703125,61833.1484375,-1.1797898541456453,-1.3048665364156855,-1.1309078351772968,-1.175949107147342
282,62819.109375,64443.70703125,62152.55078125,-1.208625317784411,-0.5040848079690577,-1.1261742768585346,-1.1723443094227246
283,62221.64453125,63174.3046875,61843.5625,-1.2138096930048325,-0.7556620874548291,-1.1249902519488721,-1.1698097804164167
284,62131.7265625,62508.8359375,60314.61328125,-1.290559956752668,-0.7747179118847629,-1.130780040351627,-1.1683023198908764
285,60581.9296875,61236.72265625,58895.20703125,-1.3057925529657686,-0.6603470138675158,-1.1379449321498212,-1.1691675141210125
286,60275.4609375,63400.87109375,60046.125,-1.1983037666105278,-0.6655138322979633,-1.1402765787605122,-1.1671856502225597
287,62444.6171875,63448.78515625,62443.26953125,-1.1612656893809723,-1.2239601592931744,-1.1413952965440444,-1.1680514598300045
288,63192.9453125,63272.65234375,62035.63671875,-1.1781843053105459,-1.1650272537179698,-1.1425698370560937,-1.1693267542565788
289,62848.3984375,66482.4921875,62442.15234375,-1.0199785525299405,-0.11542236009999321,-1.1382879144355846,-1.1676816668472954
290,66050.3671875,67881.6796875,64809.1953125,-0.9707063866165467,0.0965965248269696,-1.1287183682218194,-1.1636851852178969
291,67042.4609375,68375.2890625,66758.7265625,-0.9423999803348889,-0.34203061510054006,-1.122748520112718,-1.1558961670047734
292,67617.078125,67912.2109375,66647.390625,-0.9529420526740751,-0.5642200908285177,-1.11879798560536,-1.147853913524458
293,67419.109375,68969.75,67177.8203125,-0.9024829412604198,-0.39704152501355694,-1.1125840077591223,-1.1391792097672746
294,68418.9765625,68668.0078125,68024.640625,-0.9052587997885735,-1.3185464776944809,-1.105888138123157,-1.1303002382665601
295,68364.1796875,69359.0078125,68105.71875,-0.8736167207222828,-1.1322055905409276,-1.0919628175740035,-1.1206637973354643
296,69002.0,69462.734375,66829.8515625,-0.9545259362718815,-0.3706693847941669,-1.0759295249236829,-1.1110172139356744
297,67360.703125,67801.578125,66581.3671875,-0.9548451116427146,-0.604611088413977,-1.0594106867369308,-1.1030933868166062
298,67362.375,67402.7421875,65188.03515625,-1.0008601412566622,-0.5858835558009464,-1.0454839181149365,-1.0944469603972244
299,66653.703125,68798.9609375,66454.1015625,-0.9152460873013664,-0.6208116245072028,-1.0305241173440611,-1.0846590240791325
300,68165.296875,68722.15625,65521.79296875,-0.9904499947374205,-0.20739224525503772,-1.0193477664904464,-1.0745902017902569
301,66628.734375,67317.921875,66360.59375,-0.972014425318106,-1.1070338061769123,-1.0090471736493634,-1.0620392025939336
302,67023.4765625,68221.3125,66847.2265625,-0.9267228598780465,-1.2248976714239936,-0.9950716884046458,-1.048793055928952
303,67922.671875,70212.265625,67535.1328125,-0.8287484011679096,-0.3171706158004404,-0.9759820414312024,-1.0343206386455677
304,69910.046875,73577.2109375,69729.9140625,-0.6894602693363859,0.49449340338463094,-0.9461821600308041,-1.0192384725043309
305,72715.3671875,72905.296875,71411.734375,-0.7083252747091847,-0.2412429244364813,-0.9165623575165258,-1.0051266250486244
306,72335.046875,72662.3125,69590.5,-0.8135243162980313,-0.24201280630782265,-0.8974866830075124,-0.9927619088187505
307,70216.8984375,71559.015625,68779.703125,-0.8498089462128021,0.14288725384007156,-0.8820460261546371,-0.9818539820462542
308,69486.0234375,69867.3515625,69033.71875,-0.8593760828738075,-1.164736071219028,-0.8662409152604316,-0.9734795936726907
309,69296.3828125,69361.65625,67482.5234375,-0.8865210776848705,-0.47881046973049657,-0.8596246800408227,-0.9650878921838645
310,68742.1328125,69433.1796875,66803.6484375,-0.9325558381399243,-0.2191163830271073,-0.85773334347259,-0.9567992851557741
311,67811.171875,70522.7890625,67458.8671875,-0.8558953303751595,-0.019219532975950516,-0.8534448230102638,-0.9460723355965889
312,69358.5,76460.15625,69322.03125,-0.5449303107176908,2.9633928706654005,-0.8332173935591988,-0.9313459888703896
313,75637.0859375,76943.1171875,74480.421875,-0.5317686790622498,0.6970096264227144,-0.8148390092775069,-0.9176526204985037
314,75902.8359375,77252.75,75648.7421875,-0.5000449684768733,0.3561457040605457,-0.7947502879427923,-0.9045837888013853
315,76556.1875,76932.765625,75773.7890625,-0.4884873381395821,-0.7196875356202596,-0.775657265329349,-0.8915333321206181
316,76775.546875,81474.421875,76565.4296875,-0.3054930719827548,1.4823988838919104,-0.7434810676275819,-0.8751270991487797
317,80471.4140625,89604.5,80283.25,0.10192713161968558,2.937663657234433,-0.691090943034749,-0.8510616813190836
318,88705.5625,89956.8828125,85155.109375,0.06500105592934975,3.58341084764309,-0.6382502280412771,-0.827406206089198
319,87929.96875,93434.3515625,86256.9296875,0.19515845087962524,3.1675780283016173,-0.5832012499150562,-0.8021598191670117
320,90574.8828125,91765.21875,86682.8125,0.030070116466148235,1.6898623047000647,-0.5326083467456915,-0.7790026269514624
321,87284.1796875,91868.7421875,87124.8984375,0.2190196147238634,1.3044807047693925,-0.47356211218575306,-0.754137792722265
322,91064.3671875,91763.9453125,90094.2265625,0.19388639194714172,-0.08967563921274226,-0.41800722919435224,-0.7303461052259863
323,90558.4609375,91433.0390625,88741.6640625,0.1585968154308951,-0.006751028882002722,-0.36905899153619826,-0.7073321195652675
324,89843.71875,92596.7890625,89393.59375,0.19310218773298596,1.193172631989693,-0.32530542270278584,-0.6834064073938826
325,90536.8125,94002.8671875,90426.984375,0.28229603527169744,1.151453632717539,-0.27619477072919163,-0.6555356013506883
326,92341.890625,94902.0234375,91619.5,0.3811243364587172,1.0367431097335509,-0.2169693395526796,-0.6233534843955081
327,94334.640625,99014.21875,94132.6015625,0.5873890018643135,2.446671937658418,-0.1457193800231992,-0.5869741152116174
328,98496.4296875,99655.5,97222.6640625,0.6117995342256218,1.313956182269553,-0.07278495695410413,-0.5502428627760858
329,99006.7421875,99014.6796875,97232.890625,0.5513655154347697,-0.0863268656807442,-0.0015008574291730614,-0.5159404182756621
330,97778.09375,98647.1796875,95788.078125,0.5630790581047224,0.21369401193876492,0.07264614923117294,-0.48143234394656664
331,98033.4453125,98935.03125,92642.9140625,0.31985775354903767,1.4141038850224694,0.13093482112800017,-0.4523424979683479
332,93087.28125,94991.75,90770.8125,0.2645444683440591,1.8559533397215804,0.17106502401720536,-0.4237662631526772
333,91978.140625,97361.1796875,91778.6640625,0.46149811114379125,1.0121776121920436,0.22030682727669654,-0.39126899796935377
334,95954.9453125,96650.203125,94677.3515625,0.44614364797091816,0.23622371758830332,0.26721470153254157,-0.35758079007837673
335,95653.953125,98693.171875,95407.8828125,0.5357290172978514,0.3475868734930073,0.31799084825052515,-0.3218593455405594
336,97468.8125,97499.34375,96144.21875,0.48559101565121604,-0.6117749029414722,0.3572093214634516,-0.289195511978474
337,96461.3359375,97888.125,95770.1875,0.5267294324780728,-0.4079970354936227,0.37826915305080244,-0.256452140899219
338,97276.0078125,98152.6015625,94482.8671875,0.45668339903468,1.0757938857869978,0.3976870426546702,-0.2247393241880491
339,95854.59375,96297.203125,93629.5625,0.4634607495149862,0.8450247434016631,0.4109882917588825,-0.19596388348244326
340,95988.53125,99207.328125,94660.5234375,0.6004527530726992,1.2615872721741508,0.4392653567441952,-0.16548687198566242
341,98741.5390625,103900.46875,91998.78125,0.49274750778414805,4.222547799390153,0.45283558298110943,-0.13764818563615008
342,97074.2265625,102039.8828125,96514.875,0.6575093161212819,1.974288469822725,0.47581997050305264,-0.1064089918193542
343,99916.7109375,100563.3828125,99030.8828125,0.6576393075450394,-0.09607627222294506,0.5005603045775596,-0.07614607158924279
344,99921.9140625,101399.9921875,98771.515625,0.7226439176462202,-0.09820426621955909,0.5268126568551069,-0.04456836021576979
345,101237.0625,101272.5078125,94355.9140625,0.5343025935496559,2.637930772361831,0.539306034752349,-0.017257840203079647
346,97441.234375,98270.15625,94321.2578125,0.49680122843334595,2.397305897681258,0.5450407867972678,0.010894696078547216
347,96656.0625,101913.359375,95747.2265625,0.7195248972345163,1.5983725613444715,0.5515915039132469,0.04337377010825279
348,101167.8046875,102524.9140625,99339.953125,0.6635651368238868,1.0508461646468492,0.5541578150432345,0.07565993836083729
349,100046.6484375,101888.8046875,99233.28125,0.7336989918541634,0.42677437159014375,0.563197107670344,0.107645825000508
350,101451.4375,102618.8828125,100634.0546875,0.7294259106773748,-0.2504387479179143,0.5714438537288921,0.1410076127521485
351,101373.53125,105047.5390625,101227.03125,0.8743094769190292,0.19041937650643326,0.5989311340329148,0.17682221190624223
352,104293.578125,107780.578125,103322.984375,0.9600306964230775,1.8298009400907311,0.6334102854053756,0.21342105690825391
353,106030.6875,108268.4453125,105291.734375,0.9655216734391173,0.907581194090456,0.6583975590537231,0.2482259269629469
354,106147.296875,106470.609375,100041.5390625,0.6634927904064981,1.946778728410796,0.6691727745506714,0.274470223237444
355,100070.6875,102748.1484375,95587.6796875,0.5371863913850368,2.084755988835967,0.6692450247545281,0.29863039416349996
356,97484.6953125,98098.9140625,92175.1796875,0.5503081744790284,2.4306203042832997,0.6724534171360466,0.3250857273319253
357,97756.1953125,99507.1015625,96426.5234375,0.5240027076130654,0.21588592509781018,0.6723182380978772,0.35173463418698964
358,97218.3203125,97360.265625,94202.1875,0.41902960349884494,-0.13840386659557946,0.6704515283578244,0.37653287633630794
359,95099.390625,96416.2109375,92403.1328125,0.3982955845302955,0.7698359909215047,0.6672209257994898,0.4014554772342228
360,94684.34375,99404.0625,93448.015625,0.5958751979360978,0.02469236659107994,0.666993990728602,0.43110365804659945
361,98675.9140625,99478.75,97593.46875,0.6267315252712833,-0.5268274958007848,0.6736363296188905,0.4598633390894184
362,99297.6953125,99884.5703125,95137.8828125,0.453227406807224,0.022226673097628647,0.6635089301255185,0.4792253906245824
363,95704.9765625,97294.84375,93310.7421875,0.3724764248657109,0.24279885232654097,0.6493718073461574,0.496765745215124
364,94160.1875,95525.8984375,94014.2890625,0.421950928620251,-0.9212278710362093,0.6344647701300502,0.5146504259237703
365,95174.0546875,95174.875,92881.7890625,0.34104906377616234,-0.6939338193482754,0.6248841092379903,0.5307415969703796
366,93527.1953125,94903.3203125,91317.1328125,0.2971235689232681,0.3977174716328645,0.6149849682198245,0.5424310266590089
367,92643.25,96090.6015625,91914.03125,0.3360463283576877,-0.11878755231979958,0.5959737856966005,0.5469724211430913
368,93425.1015625,94929.8671875,92788.125,0.3850991337434909,-0.9042704835935251,0.5821686647831176,0.5531816157123755
369,94416.2890625,97739.8203125,94201.5703125,0.5072721149928554,-0.020754086935578255,0.570943415098939,0.5592359303194637
370,96881.7265625,98956.9140625,96034.6171875,0.5677146451269297,-0.4482596843708706,0.5629264810771875,0.5696650447657677
371,98106.9921875,98734.4296875,97562.9765625,0.5740927362342666,-0.9937861826029788,0.5480430541613056,0.5765526778088537
372,98233.90625,98813.3046875,97291.765625,0.5779917051885152,-1.0685039882833345,0.5291032395723928,0.5840034711447515
373,98314.953125,102482.875,97926.1484375,0.7643436962465057,0.21827455580362895,0.5191297193955974,0.595753620562721
374,102248.8515625,102712.484375,96132.875,0.5090463431754495,0.500408166082932,0.5114729431460859,0.6018822382275518
375,96924.1640625,97258.3203125,92525.84375,0.41598834581385313,0.7137923408995154,0.5054644765646015,0.6044755732898617
376,95043.484375,95349.71875,91220.84375,0.2892412913410236,0.6686251216224534,0.49252192756990165,0.6026932454838028
377,92494.4921875,95770.609375,92250.09375,0.3990488384054614,0.639082254942047,0.4863272637547981,0.5990398629701921
378,94700.8359375,94977.6875,93840.046875,0.3923705290099228,-1.1369317312261458,0.4850056239758313,0.5947834257031122
379,94565.7265625,95367.5390625,93712.5078125,0.38850018911923995,-1.0537082101630768,0.4845200113101944,0.5916241986731076
380,94488.890625,95837.0,89260.1015625,0.38989101997759706,1.0880545135468107,0.4743082208168302,0.5882647338704847
381,94519.0078125,97352.6640625,94322.15625,0.4897998748746006,0.2982914784816024,0.46751975123814654,0.591561235067971
382,96534.046875,100697.234375,96501.640625,0.6864184802547675,0.4642358698500886,0.47908034006865713,0.5997446576038565
383,100505.296875,100781.5859375,97364.4453125,0.6493976191512751,0.31202775466901983,0.49280887614964713,0.6033894923765556
384,100025.765625,105884.2265625,99948.90625,0.8823983480140309,1.0432397148767816,0.5156358360970602,0.6118518684483825
385,104124.953125,104913.203125,102226.6171875,0.879725786242256,0.1616292820144778,0.5423410611682021,0.6185246447554646
386,104411.2890625,106299.796875,99570.53125,0.7153938007378438,1.2447353058635253,0.5630770614728555,0.6229823104025369
387,101083.75,109114.8828125,99471.359375,0.7613020516822765,3.279433570807003,0.5841593717538405,0.6275325002793757
388,102052.578125,107180.921875,100103.953125,0.9658021608862131,1.7357932289929838,0.6129480763563784,0.6374082779560053
389,106136.3828125,106294.34375,103360.265625,0.8423377767424963,0.302752511566904,0.6295591596600539,0.6447576541095646
390,103657.671875,106820.328125,101257.8046875,0.857545612684405,2.3677343667717694,0.6439277055771203,0.6497446868296719
391,103965.671875,107098.546875,102772.125,0.9000992337615734,0.24149533555536462,0.6600896753226557,0.657646409145531
392,104824.03125,105243.7890625,104120.375,0.8949077012752605,-0.9302086972791701,0.6758009779484606,0.6622514126304644
393,104713.2109375,105438.6484375,102507.7109375,0.7942746084458941,-0.9855310875226257,0.6772848210653675,0.6649018351950721
394,102680.3046875,103214.109375,97795.9375,0.7648191708292374,1.7470061294057553,0.6899649140500921,0.6657199418041787
395,102095.4140625,103730.8203125,100238.1875,0.7274207155900688,0.02739483367923064,0.7054043625772863,0.6694660061441837
396,101317.5234375,104750.8046875,101283.8203125,0.8448207676879584,0.03772930810493877,0.7329475519188038,0.676216815295868
397,103709.3359375,106418.765625,103321.6484375,0.8959306099788756,-0.18906546972616173,0.757580766962639,0.679638695867731
398,104737.5625,106026.3515625,101543.8828125,0.7805338185721052,-0.032134313861075466,0.7768241973537955,0.6819076295284608
399,102402.796875,102755.7265625,100297.7109375,0.6939165867543001,-0.7711425772353299,0.7919654004151085,0.681135938878564
400,100661.5390625,101430.6640625,96216.078125,0.5469926194147389,0.6815575943169259,0.7997538074448352,0.6775971366180193
401,97681.1015625,102514.171875,91242.890625,0.7310330070294236,2.8321685089416877,0.8117130862109909,0.6748178900670259
402,101398.71875,101745.6171875,96208.109375,0.5560471410862246,1.0890055500141098,0.805249848038413,0.6669815028103238
403,97878.0078125,99113.2109375,96174.828125,0.4938307696487934,0.10736992885065395,0.7975375271670883,0.6578317427799127
404,96610.640625,99168.609375,95707.3515625,0.49273396701084,-0.049825153463773975,0.7782196792577561,0.6545193993690247
405,96581.3203125,100154.140625,95653.8828125,0.4895542065588685,0.37935151408857576,0.7588766866663814,0.6535954403581944
406,96533.2578125,96877.8046875,95702.4921875,0.48724492439098704,-0.9894726203337968,0.7475660678138022,0.6523721528188191
407,96481.3125,97325.28125,94745.2578125,0.4881184977089761,-0.7721721853156626,0.7340228275171126,0.6516760785318971
408,96499.4609375,98333.21875,95320.84375,0.5345420717975901,-0.26458206510460014,0.7126428471634281,0.6539167648732302
409,97438.1328125,98492.8984375,94875.0390625,0.4508461651011911,-0.37107346944290515,0.6932344131875142,0.654936129880736
410,95745.6953125,98151.0234375,94101.203125,0.5567423630757844,0.11619019056411801,0.6783219097361802,0.6541770394564679
411,97888.75,98111.0859375,95269.7109375,0.4942478254666819,-0.38511383876409666,0.658201580136014,0.6516071487687052
412,96623.3671875,98819.46875,96342.8046875,0.5380785349064198,-0.5680399995425084,0.6405115578974395,0.6532530729410364
413,97508.3828125,97975.0390625,97240.1953125,0.5416134504982999,-1.2114963708798898,0.6279857278247462,0.65653395706316
414,97580.4921875,97725.59375,96060.9765625,0.4720212264003461,-1.2324852752457276,0.6134700922306476,0.6575052100715554
415,96179.0078125,97032.234375,95243.546875,0.4521313779277453,-0.788467578172988,0.5998224564310138,0.6596599612230883
416,95773.8125,96695.375,93388.8359375,0.44055169547392387,-0.377777556189279,0.5797805721012949,0.6624421495778021
417,95532.53125,96855.59375,95011.96875,0.494829304960454,-0.7204525555701149,0.559895731750653,0.6655221880546002
418,96632.6796875,98767.1953125,96442.671875,0.578931434856095,-0.6103854751345184,0.5499011713631772,0.6692821058886556
419,98340.671875,99497.96875,94852.9609375,0.4695707333108234,0.127219344501836,0.5387790896764895,0.6685507824892989
420,96134.203125,96950.15625,95765.34375,0.49196446420770445,-1.1577791528791364,0.5360510355231076,0.6670813965585932
421,96577.8046875,96671.875,95270.453125,0.47691834378701786,-1.213461075917894,0.5234531470442847,0.6651964283201797
422,96277.9609375,96503.453125,91371.7421875,0.23645897010694145,-0.10146339305830722,0.507609369728265,0.658571448818952
423,91437.1171875,92511.078125,86008.234375,0.10364487543362322,1.8757940822271377,0.48826566748529887,0.645755353333038
424,88638.890625,89286.25,82131.8984375,-0.11370813579433045,0.7434612186551012,0.45820093260333544,0.6336752941361145
425,84076.859375,87000.78125,83144.9609375,-0.09601924330314658,0.25265201334056175,0.42917077384195607,0.6237434796013731
426,84705.625,85036.3203125,78248.9140625,-0.11242137545082671,1.525155970663073,0.3994419534995064,0.6159521124480343
427,84373.8671875,86522.3046875,83794.234375,-0.030271438186971648,-0.7122399006290077,0.3737424581707711,0.6076242488504001
428,86036.2578125,95043.4375,85040.2109375,0.37661100327551983,0.4885922424806984,0.36591292970832057,0.6073185489153274
429,94248.421875,94429.75,85081.3046875,-0.028599733002281445,0.968546952515895,0.3421441086616775,0.5992277331598225
430,86064.0703125,88911.2734375,81529.2421875,0.028671934902280982,0.887266037598968,0.31596469705980534,0.592220882020049
431,87222.953125,90998.2421875,86379.7734375,0.197109482873699,0.16382196111856842,0.3012338835954993,0.5865433359226034
432,90622.359375,92804.9375,87852.140625,0.16433500827961647,0.05079357054554641,0.2827053216933668,0.5764160715508906
433,89963.28125,91191.046875,84717.6796875,0.004925674191542731,0.798889883259683,0.2560986998338069,0.5639147415584528
434,86742.65625,86847.265625,85247.484375,-0.024196273522498084,-1.1638518840753722,0.2314984164597419,0.5463288115240494
435,86154.3046875,86471.1328125,80052.484375,-0.2992113138055239,-0.6419884908004501,0.19425014704049445,0.5234600398990161
436,80597.1484375,83955.9296875,77420.59375,-0.4016712503937672,0.3102729312775278,0.1524964339293949,0.5017914491458717
437,78523.875,83577.7578125,76624.25,-0.187236856132558,0.33665703586276663,0.11868259051323572,0.483391892749354
438,82857.375,84358.578125,80635.25,-0.14464183897699062,-0.253295494304815,0.08281100682067799,0.46185173574332666
439,83724.921875,84301.6953125,79931.8515625,-0.27615137686188596,-0.6208728217484463,0.04584138113958649,0.44015552055269486
440,81066.9921875,85263.2890625,80797.5625,-0.1324230320230284,-0.6958979299257638,0.014886992499750914,0.42095231891382884
441,83968.40625,84672.671875,83639.59375,-0.1139019622922545,-1.3511497788196098,-0.014403282339331318,0.40128293894510414
442,84333.3203125,85051.6015625,82017.90625,-0.2012275699936901,-1.0354069663823944,-0.03610185789775829,0.3800203396191709
443,82576.3359375,84725.328125,82492.15625,-0.12714483858754394,-0.8807166810088766,-0.04754339787896198,0.3621468407665028
444,84075.71875,84075.71875,81179.9921875,-0.1943534997040406,-0.9217073201960374,-0.05154144068336148,0.34354101289790023
445,82718.8046875,87021.1875,82569.7265625,0.010449922821996657,-0.47619348663189753,-0.04626316722930914,0.32963336564431245
446,86872.953125,87443.265625,83647.1953125,-0.12261332208018999,-0.7188854682283039,-0.046768439161988924,0.3108672845189635
447,84164.5390625,84782.2734375,83171.0703125,-0.1287515480603554,-1.1299605952934482,-0.05165065030926008,0.2909907175167922
448,84046.2578125,84513.875,83674.78125,-0.13918838924697602,-1.5068581092578817,-0.077221717879826,0.2731501413501474
449,83831.8984375,86094.78125,83794.9140625,-0.029159160379523295,-1.3945605566822457,-0.07724945183118732,0.2591240714876132
450,86070.9296875,88758.7265625,85541.1953125,0.042375197490044696,-0.4905567168783782,-0.0765701042812508,0.24933560984742778
451,87512.8203125,88542.3984375,86346.078125,0.04102769710627335,-0.6787236726878153,-0.08430795343007279,0.23595103330636089
452,87460.234375,88292.15625,85861.453125,0.012760365627590245,-0.8144720765290691,-0.09182235822664364,0.22541247175429796
453,86896.2578125,87786.7265625,85837.9375,0.026438867944162062,-0.9086456611052,-0.09075582860469797,0.2163461028538366
454,87185.234375,87489.859375,83557.640625,-0.11340482247222974,-0.5063437127456704,-0.09517839649860298,0.20458835127472322
455,84352.0703125,84567.3359375,81634.140625,-0.2003412296608678,-1.2146978876739138,-0.09027685214042439,0.19120590604043317
456,82596.984375,83505.0,81573.25,-0.2133682273417029,-1.3053793341156366,-0.08094161562016,0.17761556083557023
457,82336.0625,83870.125,81293.890625,-0.2027514873097037,-0.7199034685615385,-0.08171076286599781,0.16421421151053614
458,82551.921875,85487.3671875,82429.359375,-0.07299489924934699,-0.7539692312376381,-0.07815882239541998,0.15242933830222571
459,85180.609375,88466.953125,82343.5390625,-0.205881340340054,0.043992898827881245,-0.07467514273597328,0.13969027754893787
460,82487.4765625,83909.296875,81282.1015625,-0.1753213625006965,-0.39724926896212853,-0.0768018534750922,0.12548986078836488
461,83100.25,84696.1484375,81670.75,-0.13862780123202204,-0.05577969740717307,-0.07802765192975071,0.11321347371611525
462,83844.703125,84207.015625,82377.734375,-0.15541565197936338,-1.3211240606703958,-0.0757564983222359,0.09976122068027722
463,83504.5078125,83704.71875,77097.7421875,-0.4173947963590945,-0.4201601260516989,-0.09014581593316405,0.08115858226723881
464,78221.3359375,81119.0625,74436.6796875,-0.3668416732907575,1.8397507089351655,-0.09869702170395608,0.06488649779642859
465,79218.4765625,80823.890625,76198.0234375,-0.5135899974565513,0.07401368027009989,-0.12467661843357473,0.046153639541157206
466,76273.5625,83541.0,74589.671875,-0.20151153935392213,1.5499497500054313,-0.12858804538434568,0.03369903319658376
467,82565.9765625,82700.9296875,78456.1328125,-0.3474888131996309,-0.07385483178476364,-0.1394320779058323,0.017359925131318697
468,79625.046875,84247.4765625,78936.3203125,-0.1603657718215553,-0.19971246527129538,-0.14048195948505213,0.0030191948397272125
469,83404.515625,85856.1875,82769.375,-0.06715457028195904,-0.915035231287018,-0.1423656049644216,-0.007392088673823014
470,85279.46875,86015.1875,83027.0078125,-0.14649305612782204,-0.7284239773320315,-0.1517288631326382,-0.019776752134024803
471,83694.5234375,85785.0,83690.640625,-0.10403344670533533,-0.5107777958304819,-0.15892035727560258,-0.031045931652919974
472,84539.6953125,86429.3515625,83598.8203125,-0.1472846110474879,-0.7595330196206297,-0.16685468401622483,-0.03848970818657692
473,83674.5078125,85428.28125,83100.6171875,-0.12921580314520342,-0.6946771994388199,-0.17457135869595888,-0.04300669020254182
474,84030.671875,85449.0703125,83749.75,-0.08653489879893915,-1.037602599246863,-0.17323926594085592,-0.04247958951910805
475,84900.1875,85095.046875,84298.8828125,-0.108568832005063,-1.389061341495705,-0.16868959369309927,-0.04272302377696667
476,84450.8671875,85597.703125,84353.4609375,-0.07823208348566989,-1.2850059571668593,-0.1619901374396341,-0.0420598271484605
477,85066.0703125,85306.3828125,83976.84375,-0.0727407195903927,-1.3094787694786418,-0.15554477481523626,-0.04288363725457568
478,85171.5390625,88460.09375,85143.8359375,0.04336522145848307,-0.21042618178363492,-0.14977615129168398,-0.04934786819537056
479,87521.875,93817.3828125,87084.53125,0.336674620239182,0.3858370910621267,-0.12287861063942453,-0.04226235382448285
480,93427.5859375,94535.734375,91962.9609375,0.34941223225046186,-0.19713094505827525,-0.09686462457730895,-0.03604070161699622
481,93692.3984375,94016.1953125,91696.7109375,0.3615292899649949,-0.6179852063783572,-0.07206903357758024,-0.03285132109885762
482,93954.25,95768.390625,92898.59375,0.3999920499861776,-0.23020005531328178,-0.04453436005515261,-0.02828009582449867
483,94714.6484375,95251.359375,93927.25,0.39634880820783286,-1.1882442513128315,-0.00419252755369404,-0.020687352954492522
484,94660.90625,95301.203125,93665.3984375,0.3521722287298833,-1.1686107880907413,0.03145302251729389,-0.013386636635940013
485,93755.3046875,95598.4921875,92860.8046875,0.4127807300567908,-0.5817940253037815,0.07737841291527614,0.0004244339031649437
486,94981.859375,95485.4140625,93796.6328125,0.37841540803862905,-0.8513885768498052,0.10612864289372644,0.015556389321908724
487,94286.46875,95249.3203125,92979.640625,0.37457872664159764,-0.7470198314932499,0.14192557891083674,0.026454368745345326
488,94212.859375,97437.9609375,94153.6328125,0.4877343266262643,-0.5607258062801006,0.17405553418056233,0.03872106737728186
489,96494.96875,97905.8984375,96375.9453125,0.5084207594486169,-0.8260710812875982,0.202590030075397,0.053940031143815306
490,96904.6328125,96943.8828125,95821.2890625,0.45799530652861303,-1.2637973597808339,0.23255790710509747,0.06539284075259132
491,95877.1875,96318.921875,94173.4296875,0.37995982995422345,-1.1641573438228505,0.25655216720035556,0.07497266697127272
492,94319.5625,95193.1875,93566.265625,0.4013565730563934,-0.8509720801088873,0.28375138649781456,0.0866614662733899
493,94748.3828125,96889.1796875,93399.859375,0.5030926585915112,-0.8207529990301855,0.3150984618044313,0.09888667946918829
494,96800.1953125,97625.8046875,95829.3359375,0.5144746457550349,1.2527069698663549,0.3448938743177844,0.11263637737863814
495,97034.25,103969.5390625,96913.875,0.8219546572422445,0.9612770881482555,0.3910251403962017,0.1283777739665799
496,103239.125,104297.4921875,102343.09375,0.8085539342181067,0.48037993289323483,0.434988094808458,0.1464403587542936
497,102973.7109375,104961.765625,102830.484375,0.8940004694636201,-0.17422474082789596,0.4829148753105719,0.16627948530044273
498,104701.0703125,104937.9921875,103364.7421875,0.8647848969741349,-0.00940868547150628,0.5236372536826763,0.18575434600276003
499,104106.9609375,105747.453125,100814.40625,0.8007347179515542,0.6880806072554263,0.5466433143478,0.20185245130099672
500,102812.4921875,104997.421875,101515.09375,0.8679271301400812,0.2505669183512908,0.5723490047431258,0.21786633245853548
501,104167.328125,104303.5625,102618.296875,0.836709457597189,-0.02295338346772996,0.5959063496156974,0.2333007983567871
502,103538.828125,104153.6171875,101440.8125,0.8468723882837492,0.16009106512721036,0.6180607132931732,0.2494807263232961
503,103735.65625,104533.484375,103137.4765625,0.8342272404102016,-0.08748401882313703,0.6397688020188723,0.2651500337108863
504,103489.2890625,103716.9453125,102659.1796875,0.8194600599196612,-0.35422640045251425,0.6629348795278448,0.2832455486892253
505,103186.953125,106597.171875,103142.6015625,0.980645556586516,0.13866434731348187,0.69108712255226,0.3061540796920909
506,106430.53125,107068.71875,102112.6875,0.9390568123273566,0.626848223935283,0.7188812600401181,0.32850857599735955
507,105605.40625,107307.1171875,104206.515625,0.9977340125012965,-0.411079282803386,0.749774561103823,0.35179533890712683
508,106791.3125,110724.4609375,106127.234375,1.1406994314840537,1.298036345465416,0.7821457020155714,0.37533832391541544
509,109673.4921875,111970.171875,109285.0703125,1.2395029723998816,0.9720558732339567,0.8183895459169578,0.4033755820160516
510,111679.359375,111798.90625,106841.3046875,1.022331407534256,0.8647724938883422,0.8463668502343442,0.4266073962348998
511,107278.5078125,109454.5234375,106895.2890625,1.0472580367982203,-0.025109541053983296,0.8794485633660265,0.449610958004375
512,107802.2734375,109313.3046875,106683.375,1.1088731979007733,0.04126474363678618,0.9145241289511584,0.47413536475585755
513,109023.78125,110376.8828125,108735.640625,1.128927856928495,-0.02318401326222244,0.9455502883005327,0.5041306033612217
514,109440.40625,110744.2109375,107609.5546875,1.1068552357986339,0.44960984065168563,0.9749179151630168,0.532717063196201
515,108992.171875,109298.2890625,106812.9296875,1.0478112741076642,0.10858139045693771,0.9861148938621976,0.5630047936383014
516,107795.5703125,108910.046875,105374.3984375,0.9408186603743548,0.3909233931685054,0.9926719978424945,0.5851634723811333
517,105646.2109375,106308.9453125,103685.7890625,0.8594471241360949,0.45804267404041743,0.9909589948010634,0.6085753595088329
518,103994.71875,104927.1015625,103136.1171875,0.8911166716282392,-0.30903066326942,0.992264408492305,0.6289717927587579
519,104637.296875,105884.546875,103826.953125,0.9413308884846371,-0.3748446654087567,0.999234548878245,0.6485341796263575
520,105649.8125,105958.3125,103727.546875,0.9526923710485801,-0.02855982430023108,1.0034368370823978,0.6698559452291559
521,105888.4765625,106813.578125,104920.84375,0.9304545524843604,-0.013068161178179584,1.0080843069912815,0.6899227238565719
522,105434.3671875,105997.6953125,104232.703125,0.895766186302992,-0.08097337324529676,1.0105082466683277,0.7101556018251677
523,104750.78125,105936.6875,100436.8828125,0.739477807022809,0.45080715410591393,1.0058109860694484,0.7270063360859293
524,101574.3671875,105376.7734375,101169.5703125,0.8788479572526559,0.09629980100547501,1.0087551770816734,0.7457326278150399
525,104390.6484375,105972.7578125,103987.3125,0.939524549325341,-0.3350477189306652,1.006716578218455,0.7660633207573377
526,105617.5078125,106497.0625,105075.328125,0.9483403665073673,-0.4065359826977233,1.0071768160447754,0.7859765552415945
527,105793.0234375,110561.421875,105400.234375,1.171205246230179,0.38600792912247833,1.015776757618063,0.8101063550460785
528,110295.6875,110380.125,108367.7109375,1.1693795631090143,0.3365445621159423,1.0171985925297482,0.8319485422371298
529,110261.796875,110384.21875,108086.328125,1.0916021349859526,0.17795161311382401,1.0098663188549788,0.84659246592695
530,108685.9140625,108780.6953125,105785.6875,0.955045757449522,0.34245530859804896,1.0065305919623362,0.8583404164967301
531,105924.59375,106182.546875,102822.0234375,0.9630638296440845,0.9470944191883957,1.0023566131027257,0.8700088558154461
532,106108.0859375,106203.7578125,104379.3671875,0.932432279145813,-0.3497319635705069,0.9936094475939976,0.880337018364694
533,105464.84375,106157.1015625,104519.8828125,0.9363749654538847,-0.4016814857394043,0.9840635212703438,0.8908123311367693
534,105555.59375,108915.375,104997.625,0.9980148868276294,0.15838012993456932,0.9786676949892573,0.9033402499317106
535,106794.1171875,107750.1953125,103396.53125,0.8892855721977512,0.38851167906625883,0.9708086872161279,0.912583389716439
536,104602.0703125,105581.8515625,103602.265625,0.9032608108893884,0.03304398217671086,0.9689467340597105,0.9227642294370281
537,104886.7734375,105250.890625,103940.7734375,0.8934042885588277,-0.37744509418601524,0.970630181071372,0.9328282975609629
538,104681.03125,106539.3828125,102372.2109375,0.8253290179506148,0.18244122791335493,0.9673687182587215,0.9393768877252786
539,103315.078125,104015.78125,100973.0625,0.7732237353819359,-0.33523185236625364,0.9590347042342733,0.94451347964524
540,102212.03125,103351.6328125,98286.203125,0.710319492660455,0.7820875874779685,0.9470189218576687,0.9494080106493857
541,100987.4765625,106116.859375,99705.75,0.9376501194202672,0.7697848759920928,0.9473756464505897,0.9602259685088689
542,105571.515625,106316.828125,104740.2421875,0.960818769429607,0.09491562047711469,0.9506006676950609,0.9710782974424308
543,106047.40625,108168.3984375,105881.390625,1.0259692330032775,0.2100801187605864,0.9648036538139617,0.9812209462468648
544,107375.0703125,108305.546875,106666.3515625,1.0060987284925453,-0.10781501870082201,0.9711121879397356,0.9907573658514686
545,106954.921875,107772.46875,106449.9921875,1.0124586362757257,-0.047719288577465956,0.974727939514171,0.994452721600304
546,107090.546875,107567.8828125,106883.9765625,1.024307586678759,-0.6774134549870005,0.9784940605067733,0.9986378651547735
547,107327.8203125,108526.3046875,107230.109375,1.076693743573771,-0.4514055569635598,0.9738085954681204,1.0021817105074093
548,108383.4375,108798.7890625,106759.6484375,1.0147814592169153,-0.18293708425577657,0.9661443007476999,1.0050913119834601
549,107144.3828125,107550.6796875,105270.2265625,0.9436177316567509,-0.09882342272782475,0.9588078842420215,1.0078629263549044
550,105703.1015625,109763.65625,105157.3984375,1.1001541005280904,0.4002111735123831,0.9660017183172589,1.0123676158338943
551,108845.015625,110541.4609375,108605.796875,1.1392087857824542,0.16364740306499886,0.974734211299852,1.0182354335933952
552,109635.65625,109751.984375,107296.3828125,1.0593004268199402,-0.16025729662877788,0.9810237766304007,1.0223560675948542
553,108015.8359375,108381.34375,107842.2734375,1.069048236084799,-0.6536568580293102,0.9876011344506952,1.0269110754257451
554,108231.1875,109731.625,107847.015625,1.118612882701647,-0.40161106973489263,0.9935798532046821,1.0327139783837638
555,109235.328125,109710.25,107527.0546875,1.0724489045813106,-0.04517008853186759,1.0026602864442884,1.0344947602419488
556,108298.2265625,109198.96875,107499.5546875,1.1046581486095908,-0.09177196407466631,1.012644681552219,1.0377070598125406
557,108950.2734375,111925.375,108357.6796875,1.2223328849660153,0.4692309349508018,1.0289515161211502,1.0420637810671587
558,111329.1953125,116608.78125,110660.75,1.4531307234511674,2.0308949361818263,1.060075166255288,1.0481242569519367
559,115986.234375,118856.4765625,115245.6875,1.5288867075589532,1.6615620469888355,1.0975376161965609,1.053737661221837
560,117530.7109375,118219.8984375,116977.0234375,1.5248376294606039,-0.0406943173564828,1.1379178466030158,1.0634851702525785
561,117432.203125,119449.5703125,117265.4375,1.6080762448984276,0.1030604320105606,1.1711546281971834,1.0743638028137936
562,119115.7890625,123091.609375,118959.1953125,1.6444038184085468,5.559867037803696,1.2050437714010631,1.0847519121184448
563,119853.8515625,119935.5625,115765.6875,1.5417717205596724,2.129980820953473,1.2306149924098104,1.092760169754747
564,117777.1875,120065.515625,117064.8203125,1.5893768238392245,1.0544660273860988,1.2595313575796092,1.1021200210993192
565,118738.5078125,120999.609375,117508.21875,1.6166792784998985,1.062763260832395,1.289485962206583,1.113154801900354
566,119284.109375,120851.9140625,116925.984375,1.5529652975345951,1.2922572524380957,1.3156944887034527,1.125029092433481
567,117998.125,118541.3984375,117388.4140625,1.5498331232288207,0.04317738299502029,1.3391506602748982,1.1384210535022539
568,117944.109375,118865.03125,116550.1328125,1.5181802115438834,0.45229336011774535,1.364106958590294,1.150584698948762
569,117306.46875,119671.5625,116584.3984375,1.525051186799634,0.958180719204663,1.3929318746037371,1.161907581394756
570,117426.5,120269.96875,116233.2265625,1.6516195030647969,1.344544753388033,1.420271106242092,1.1754652215470347
571,119997.4453125,120113.3515625,117391.390625,1.5901915915131328,0.8261451467690524,1.4426288522295492,1.1882626605940485
572,118770.984375,119535.453125,117247.96875,1.5710290760067938,1.0735957203291426,1.4679981102314972,1.2013612667969324
573,118368.0,118486.9765625,114759.8203125,1.5347742357933007,2.3986726731671357,1.4910867589979764,1.216788258112262
574,117644.84375,118335.6875,117181.2265625,1.5501991109873758,0.08200464131890334,1.5124829079000686,1.229810985291125
575,117944.7265625,119815.59375,117859.6875,1.624535635173239,0.33585752967921395,1.5398529422534208,1.2430986849336565
576,119457.5234375,119819.7890625,117441.4375,1.549065554821872,0.752730307308606,1.5618847088236347,1.2547514246263956
577,117938.5859375,119273.8671875,116987.3671875,1.5489502648091347,0.9023903053744304,1.5780769634303042,1.2620788423164704
578,117921.9921875,118780.7265625,115800.828125,1.544445829848397,0.9201941556255285,1.5826039651866994,1.2693542981469546
579,117833.6328125,118919.984375,115505.21875,1.44179051924528,0.939690085253687,1.5782861188518755,1.2761471780936808
580,115738.953125,116060.7734375,112724.4453125,1.3210536337250454,1.84107066675991,1.568183403726001,1.2832469211886846
581,113320.390625,114021.6015625,112005.765625,1.2817753322714796,0.4257923509806613,1.5520068381734213,1.2894292192668113
582,112525.8046875,114747.421875,111943.8046875,1.3655025761861057,0.06517530253789602,1.538180140015622,1.297829824965112
583,114223.921875,115729.46875,114130.40625,1.4078035651212695,-0.44120304775652863,1.5315385874960155,1.3069744968758235
584,115072.1875,115117.4375,112701.109375,1.3617277954670541,0.5971665435089919,1.5202527489097974,1.3140297226757534
585,114140.9140625,115737.8359375,113372.25,1.4056304644449433,0.4055754929901265,1.5097898760116837,1.3240456712959767
586,115030.0546875,117676.90625,114279.7109375,1.527891654160429,0.7210197091312823,1.5085468349413453,1.3361621278093383
587,117505.5,117689.203125,115917.4609375,1.4878705445711065,0.5426427220195141,1.5054750025416324,1.347693458061802
588,116678.2734375,117906.609375,116363.8359375,1.4785424992787979,0.3079382175936903,1.5035099389270432,1.360364354521233
589,116497.71875,119320.7109375,116485.1640625,1.6175168720488118,0.7499557814015516,1.5080939813275236,1.3767417735762744
590,119306.8125,122321.09375,118159.03125,1.589027085008639,1.809588146213652,1.5049909242578141,1.3937867569377946
591,118717.6640625,120302.46875,118228.71875,1.6604090124586819,1.0808456563525701,1.5084719954681707,1.4078066805318423
592,120168.9765625,123682.453125,118939.6328125,1.8174463899424196,1.8250478452525565,1.520688283188847,1.4244233612864046
593,123339.3984375,124457.1171875,117254.8828125,1.5706120201889053,2.365724407209005,1.5224649630757268,1.4349882264661198
594,118365.78125,119332.3125,116864.5703125,1.5230115594602016,0.9107053408965587,1.5211171237272165,1.4450151918410916
595,117398.421875,117996.0625,117271.953125,1.527616969901894,0.06259775364509666,1.516312322142665,1.4550081238490438
596,117492.7890625,118595.7734375,117279.5234375,1.5257208747595272,-0.027225146146447995,1.5151549954766372,1.4647344323810352
597,117453.90625,117614.171875,114723.6796875,1.4662590834921942,1.080194011275868,1.5110555300340651,1.4722911381554669
598,116241.859375,116764.5,112730.3984375,1.2968427310502217,1.0337271826985397,1.4987804563099851,1.4777625028360435
599,112828.0234375,114625.796875,112387.9609375,1.368328729015118,0.8830958944898493,1.4951385435255524,1.4860009566134622
600,114275.6875,114802.6484375,111986.234375,1.2764329168825912,0.4647275906582813,1.492926444438259,1.4894203756760904
601,112433.734375,117377.3984375,111678.9453125,1.4970496413570262,1.480651301744055,1.5035987988140804,1.4963616966370727
602,116866.3671875,116996.25,114536.109375,1.4227808210377035,0.36438011007305965,1.5064384025256332,1.5034124121716044
603,115387.390625,115615.0859375,111060.546875,1.3279044912604525,1.1284482013960404,1.5024773575028216,1.5084336508645628
604,113456.8984375,113637.84375,109324.28125,1.162799134160531,1.6113418345120756,1.4926153485246518,1.5092907663913688
605,110124.1015625,112397.015625,108762.0390625,1.245909692570784,0.9407579803490196,1.4846970944335738,1.5126555219379283
606,111795.7109375,112619.4140625,110398.265625,1.217158375166147,0.6423040231092801,1.4692923037556942,1.5148377774533257
607,111219.0546875,113450.078125,110900.921875,1.2826612857250645,0.5075790815335893,1.4591189303470993,1.5160080149659179
608,112550.5234375,112619.0546875,107559.625,1.0779449110274364,1.2880463990003506,1.4392590620605459,1.5087302402136236
609,108409.40625,108929.3515625,107444.4453125,1.097616172730921,0.2044123690224971,1.4134846697193169,1.5003645459206978
610,108818.4609375,109491.0,108104.65625,1.0693221465848592,0.06051203932162479,1.387719982343088,1.491528553271785
611,108228.75,109890.5859375,107271.1796875,1.1195301733734593,0.836907371859746,1.3609055860055927,1.482051840275342
612,109243.0703125,111748.015625,108454.03125,1.2160948441426076,1.1619766896382635,1.3310932185731505,1.4737435937055774
613,111190.6953125,112600.2265625,110582.9609375,1.2419755176059346,0.6004745906369736,1.3148008647326273,1.4679282105955513
614,111718.1484375,112208.328125,109347.2265625,1.1924743191840157,0.5598334287804178,1.2984142806687033,1.460229180056945
615,110723.015625,113357.4921875,110233.3984375,1.1888782766726305,0.564377081229024,1.2816211046027726,1.451930787028724
616,110650.5703125,111275.015625,110024.0859375,1.1677682110853542,-1.0283992121506123,1.2638753843042034,1.4444588157078797
617,110221.328125,111591.078125,110211.625,1.214462213760892,-0.900236481645338,1.2513924018437785,1.4379533619919935
618,111163.015625,112869.234375,110630.609375,1.2592194989741392,-0.2590789774758758,1.2495272073057708,1.4329300970566774
619,112077.578125,113225.4375,110776.703125,1.2324346887330706,-0.021785365910843322,1.2427901778775368,1.4272539843380854
620,111531.25,114275.25,110940.078125,1.3525127189120585,0.4055072557970844,1.2465618801840024,1.421451974427625
621,113961.4296875,115522.546875,113453.8359375,1.4293774989141563,-0.03409538923228501,1.2432069926984066,1.418332536793858
622,115507.7890625,116769.3828125,114794.484375,1.458794635486313,0.3400648827522132,1.2449923993818763,1.4161554369395717
623,116093.5625,116334.6328125,115248.2734375,1.4513135516732247,-0.4919196297893193,1.2511104783644869,1.4145364843044117
624,115950.2890625,116181.5,115222.3984375,1.4244312478643382,-0.5639266411240189,1.2640810490071381,1.4120968659910913
625,115399.6328125,116747.8828125,114461.0625,1.4262743405511848,0.26409257071077036,1.2730227357708488,1.4082510354810394
626,115423.7578125,117005.2734375,114813.09375,1.4955195339732148,-0.0301205636309365,1.2868226589659228,1.4072123611343186
627,116840.5078125,117328.609375,114794.9765625,1.4769651926280267,0.5761511045537612,1.2964553929409326,1.4058160099837316
628,116461.265625,117911.7890625,116188.796875,1.5100793471925231,0.12099334034269972,1.3178787195809765,1.4051493762478173
629,117137.671875,117479.7578125,115141.8203125,1.4383565791343542,-0.3159940570312435,1.334771131790989,1.4050827654064355
630,115691.125,116191.1484375,115473.5234375,1.439995786463105,-0.9723314354763967,1.3531475021965447,1.4073899800385363
631,115730.2265625,115901.0859375,115252.578125,1.4194018177784848,-0.9874857762360125,1.3680138207551562,1.4100596293917442
632,115309.21875,115431.3125,112037.6484375,1.292748774960337,0.9937055565814411,1.3718139858443463,1.4086483665983196
633,112757.4765625,113351.9140625,111535.5703125,1.2564003099713996,0.02867625131186362,1.372529103670416,1.405711478391842
634,112007.6640625,113986.2734375,111229.640625,1.3214768796107317,0.06291320570689145,1.3789244838070915,1.4049306996697382
635,113330.1640625,113541.0859375,108713.3984375,1.1095614560640603,1.192879870772351,1.3749923043422312,1.3991876158889
636,109041.296875,110359.1953125,108728.9765625,1.1424202703318904,0.4614551695543616,1.3737356648130306,1.391710323805715
637,109707.140625,109778.5,109144.296875,1.1408909367065536,-0.8307531626183441,1.3700883241529165,1.3849796870223987
638,109681.9453125,112375.484375,109236.9453125,1.2617554923751213,-0.5403680772226898,1.3702140475631321,1.3807744986777837
639,112117.875,114473.5703125,111589.953125,1.3745505209105562,0.5544481552992544,1.3772595260963378,1.376061488970546
640,114396.5234375,114836.6171875,112740.5625,1.3575007529195129,0.5127665521119269,1.3775068109060877,1.3715703903245595
641,114057.59375,118648.9296875,113981.3984375,1.5849408665035019,1.0202041116519789,1.3852189591594575,1.3701064752482217
642,118652.3828125,121086.40625,118383.15625,1.6855828575553278,1.0237597650495094,1.396462122751362,1.3675486144363869
643,120656.984375,123944.703125,119344.3125,1.764086458006939,1.5387572162482044,1.4119680291910495,1.3713015905142136
644,122267.46875,122857.640625,121577.5703125,1.7719551948158754,-0.40065923924200764,1.4291967395360308,1.3761305463119606
645,122419.671875,125559.2109375,122191.9609375,1.8258358662048606,1.1172582553654429,1.449005244391226,1.3819153331623752
646,123510.453125,126198.0703125,123196.046875,1.887194526373035,1.0711931537404187,1.4684227695794123,1.3889271223298214
647,124752.140625,125184.0234375,120681.96875,1.723719865258642,1.2184014322257113,1.4806557820619053,1.3939212919257917
648,121448.3515625,124167.09375,121119.1796875,1.817981443927707,0.7745764781315556,1.4959202151629796,1.404030230061063
649,123337.0703125,123739.34375,119812.03125,1.7363081418842958,1.1568790204633854,1.5106913445095542,1.4111682166044313
650,121704.7421875,122509.6640625,104582.4140625,1.3158183838849093,4.383140256813736,1.5045351744983106,1.4119322075333665
651,113236.4296875,113429.7265625,109760.5625,1.1966479723967993,2.619859749583822,1.4934920175763882,1.4061050797222625
652,110811.515625,115805.0625,109715.5390625,1.41265077508632,1.9403961799674831,1.4994362319192416,1.4059085792411057
653,115161.6796875,116020.484375,113821.1875,1.4176678250365775,1.0306200847273044,1.507431166741677,1.407649789336491
654,115264.8828125,115502.8828125,110029.484375,1.3110791132270858,1.878828806449837,1.5069156911699069,1.4105260928964525
655,113113.96875,113622.3828125,110235.8359375,1.19542388648975,1.07140906830395,1.5111723732095095,1.4095467799462313
656,110782.171875,111990.8125,107537.03125,1.0668128478512557,1.6771055092516485,1.507424089405541,1.4066304093197828
657,108179.1328125,109235.8046875,103598.4296875,0.9817241759003128,2.186774658849707,1.4995333007490055,1.400792895140442
658,106483.734375,107490.984375,106387.453125,1.0178977714739574,-0.35910441640510077,1.4874439064046805,1.3996281134730153
659,107204.3125,109488.9921875,106157.7890625,1.090615979809888,0.04697817202680113,1.4733676794037227,1.3994923252165974
660,108667.4453125,111711.03125,107485.015625,1.185805294890174,0.6986598451968337,1.464855772987245,1.4017518406026608
661,110587.6328125,113996.34375,107534.75,1.081215974979428,2.2480882436097667,1.439883306123442,1.4010086299148017
662,108491.53125,109115.1328125,106778.0,1.0421786992907458,1.4098918339065107,1.4079861549350585,1.3976350414524805
663,107679.4375,111288.59375,107548.4296875,1.1600940745328165,0.34657521689507126,1.3780428663739919,1.3960467225999382
664,110069.3515625,111842.53125,109770.1484375,1.207841549371722,0.06769149795804175,1.3500765904259227,1.3963448128692646
665,111032.6171875,111947.703125,110704.40625,1.2379403671601306,-0.8965502514741185,1.3209313146686457,1.397296508886601
666,111639.0546875,115260.90625,111268.484375,1.3781190949960878,-0.19758503074758405,1.2956935915480488,1.401376850683532
667,114479.8515625,116273.3125,113882.2890625,1.3606325403460502,0.6268577658097758,1.2776933173058664,1.4042122316524552
668,114129.0859375,116078.984375,112291.6796875,1.3030320250897205,0.7406068860023749,1.2521643876959792,1.4050620977343797
669,112921.328125,113642.7265625,109368.71875,1.1593798954606254,0.6445647351955143,1.2235628201359237,1.4036449963611228
670,110059.1953125,111612.3515625,106376.6875,1.0727309395453557,0.9521729254296314,1.2115116127190952,1.3982178487915673
671,108304.4140625,111031.8203125,108288.2734375,1.1346621809848427,0.5581570928425653,1.2084386295330185,1.3925010236107742
672,109558.625,110574.8984375,109372.953125,1.1598112658102968,-0.8486940438093685,1.1959039575850985,1.3867014076681368
673,110064.4296875,111167.3125,109523.453125,1.1883157542614897,-0.5028248078537708,1.184533689639343,1.3815998322179692
674,110646.90625,110764.9140625,105336.359375,0.9856726653969452,1.0828334286704988,1.1684014677213044,1.3730888863663515
675,106541.421875,107264.8828125,98962.0625,0.7401993368005102,2.6498829219422064,1.1458334347056853,1.3597805490701695
676,101579.234375,104534.703125,98989.9140625,0.8541615799951003,1.277420819574703,1.1352911191889434,1.3473396236138158
677,103893.6640625,104147.3046875,100336.8671875,0.7258762936744745,0.7161314412735572,1.1226073053283097,1.332770160578366
678,101286.2421875,104052.9140625,99257.0546875,0.8284391401398591,1.8769833302348133,1.1132147788269144,1.3195478485272008
679,103371.703125,103373.5625,101458.0390625,0.7744474344097478,0.20278537869333582,1.0975405315220157,1.3066694798594722
680,102278.984375,105418.3671875,101468.875,0.8951549171079421,0.5412546407628623,1.083131362846316,1.2961007723238764
681,104723.7734375,106564.6953125,104350.6484375,0.9583903284566145,0.9485517450840043,1.0770422069609755,1.2871581693085075
682,105996.859375,107428.2578125,102457.328125,0.8098720317798377,1.0120389007366193,1.0655254630909157,1.2777914287399164
683,103011.4375,105297.234375,100836.6171875,0.7437977005873196,0.7331699791342682,1.0448873179867069,1.2678480721283327
684,101674.1484375,104005.4921875,97988.71875,0.6464554025510509,2.2625782931411798,1.0170562594363528,1.2547541487966773
685,99694.703125,99804.4296875,94000.734375,0.3840112293279971,2.7888161074388433,0.9747222047621257,1.240680079504053
686,94420.46875,96728.46875,94420.46875,0.4410271700566557,-0.3294693169904699,0.928265304502375,1.227074605022913
687,95556.8671875,96564.1875,92971.1640625,0.3730815039929628,1.01023637212513,0.8793068632051305,1.2121808006226942
688,94180.875,95928.3671875,91214.7578125,0.26992015534736163,1.9599560085302166,0.8280897159728697,1.1929413892824225
689,92094.53125,93745.078125,89300.4609375,0.3122602190855,2.2538109829806956,0.7860932444783847,1.1723353074898146
690,92946.1640625,92946.1640625,88526.828125,0.23882705791890366,1.3911169888721389,0.7447519540202012,1.15063551260435
691,91459.3515625,93025.0703125,86040.796875,-0.0005598865151738604,2.11554933324498,0.6884726318331861,1.1198803055363624
692,86528.7734375,87380.8046875,80659.8125,-0.07688148806799956,3.3977512259315517,0.6271628388557323,1.0856923962613978
693,85098.5625,85503.0078125,83490.8984375,-0.09878581672960333,-0.23522137880270025,0.5633539982112384,1.0495567952901244
694,84648.609375,88038.46875,84641.7734375,0.008012583626544613,0.4756453654146577,0.5148859069834939,1.0153402109334877
695,86798.7734375,89206.3359375,85272.1953125,0.08058764664464689,1.1478704988316537,0.4821852575763216,0.9814862564175931
696,88269.9609375,88457.3359375,86131.4296875,0.03459931169807793,0.7533223565982466,0.4415549612930718,0.9455500076759816
697,87345.5859375,90581.15625,86316.8984375,0.19190015394246698,0.8215279877708455,0.4150827704605452,0.9158360940605783
698,90517.765625,91897.578125,90089.515625,0.2298827968300694,0.4327716539514417,0.3854089768860447,0.8850304935946769
699,91285.3828125,92969.0859375,90257.1171875,0.21175286200827992,0.5912728370223439,0.3575130523443326,0.8554574938783981
700,90918.7421875,91187.6171875,90260.1875,0.2084098385181369,-0.3532717149950616,0.32346724875683175,0.8339762179743856
701,90838.2109375,91965.046875,90394.3125,0.18575689853221572,-0.32958500162168247,0.28516347808495507,0.8143671674957325
702,90389.109375,90398.15625,83862.25,-0.015927503582117683,1.704095363428912,0.2442239655058252,0.7866559092767588
703,86322.5390625,92316.6328125,86202.1953125,0.2330931207417934,1.3169664186576737,0.21890547636228155,0.7636777806011825
704,91345.09375,94060.7734375,91056.390625,0.3409291312125766,1.2801043070955507,0.20375882624551478,0.7448590171745157
705,93454.2578125,94038.2421875,90976.1015625,0.2722847612461875,0.7410318427152698,0.19821991885989618,0.726952160368947
706,92133.6484375,92702.640625,88152.140625,0.1359117644682719,0.6883241321027237,0.1830936376617637,0.7088947387469465
707,89389.359375,90267.4609375,88951.6640625,0.13019794501150506,-0.35030048342304354,0.17105253798516148,0.6923770136654872
708,89277.8125,91740.84375,87799.5625,0.18631787342640704,0.03620190522697859,0.166907904177821,0.6762462033146662
709,90424.5859375,92267.1171875,89644.890625,0.19793353564930422,0.44730430840512503,0.16124008953971414,0.6589301387439972
710,90639.703125,94601.5703125,89586.9765625,0.29952531522888176,0.8365516759023113,0.16424924244216085,0.641738267820695
711,92695.234375,94477.15625,91640.1328125,0.2663086376664815,0.7773059735414692,0.17747941130865155,0.6259308682640785
712,92011.3046875,93554.265625,89335.296875,0.29059304739640607,0.7408029201189558,0.19569718417354065,0.6113517693205244
713,92513.6640625,92747.9296875,89532.6015625,0.1796213807067119,1.3880552613658157,0.20949938976156954,0.5923327681212393
714,90257.796875,90647.5703125,89800.9921875,0.18102265730447814,0.7286708722898416,0.21807646904576797,0.5724147532059369
715,90296.4375,90498.109375,87634.9375,0.07586423803555578,0.16246456416313282,0.21784230320056286,0.5498730471159546
716,88171.078125,89983.921875,85304.078125,-0.011064044689097422,-0.03925723428246942,0.21557851462577435,0.5229259674409499
717,86424.40625,88170.09375,85381.6875,0.05946326652558776,-0.2159358866759662,0.20901287564661472,0.49768616205412736
718,87847.6171875,90264.5703125,85316.265625,-0.024732875024734906,-0.09336763000607833,0.19639014936211227,0.4719304603536533
719,86144.3671875,89412.6640625,84436.3125,-0.05846874452369018,0.25296132661800014,0.18299374940540927,0.44830689093631104
720,85476.1328125,89339.1171875,85107.6640625,0.07230881784409478,0.009001671395026039,0.17624645879876702,0.42890091496957816
721,88101.671875,88497.203125,87924.875,0.08422431147595628,-1.3084860484976462,0.1712129192446918,0.4085247441432364
722,88344.703125,89027.953125,87613.203125,0.09797864212305328,-1.096450176364996,0.17685988546984624,0.3879275402939988
723,88621.3984375,90501.9296875,87908.0703125,0.09145508442246401,-0.34810379936786545,0.16983809395595634,0.3666508698405767
724,88490.03125,88898.3828125,86606.9765625,0.03817020705903386,-0.11640688616793327,0.15482863675349506,0.3482714182710152
725,87404.3203125,87956.8828125,86411.796875,0.04797334005483693,-0.8619067305299469,0.14370826206657958,0.33484376531832866
726,87608.3203125,88501.7890625,86949.2578125,0.029293262957502567,-1.0920225088408182,0.1384225852202549,0.3188431447913354
727,87235.5078125,89459.4296875,86628.140625,0.0325956641277214,-0.16686702609931597,0.13358389297729828,0.3053950342954312
728,87301.4296875,87874.78125,87182.9765625,0.0573919150886909,-1.3474204514738375,0.1271923104356224,0.2904384238867027
729,87799.34375,87986.890625,87394.953125,0.059059751481007366,-1.2892300638384742,0.12030755839785678,0.2765614854617467
730,87835.7890625,90299.15625,86717.9140625,0.024509501187381214,0.07800313566849615,0.10667348269753975,0.2596728904872881
731,87134.3515625,89297.9375,86735.546875,0.08848965506799736,-0.4492889590204831,0.09785799883836288,0.24279874187038553
732,88429.5859375,89080.2890625,87130.5625,0.04286614724227147,-0.5214903024538898,0.08557678758701066,0.22792052452712325
733,87508.046875,88803.2265625,87399.40625,0.10343750816239111,-1.1374189310673484,0.08179992592168125,0.21549895343759273
734,88733.0625,90884.4609375,88298.6171875,0.1634916115421426,-0.004746873192787171,0.0809308137003991,0.2061305243337029
735,89945.0546875,90679.5703125,89328.0703125,0.19610050182262934,-1.0582431299747816,0.08689159936688769,0.20248547192756536
736,90603.0,91712.5859375,90595.1015625,0.23622722944375482,-0.8117402745268376,0.09915121419415145,0.19851280615047964
737,91414.625,94762.0703125,91414.625,0.35849654362322525,0.28212281988643156,0.11397597018526633,0.19822989018503723
738,93861.7265625,94130.609375,93174.3515625,0.36995242472108725,-0.07623646389899394,0.13354273318502913,0.20017029491345653
